Metric,Value
MAE,0.8333187103271484
RMSE,1.3540334440380515
R2,-0.6096824407577515
