Metric,Value
MAE,1.8333187103271484
RMSE,2.121330683561277
R2,-2.9509193897247314
